-------------------------------------------------------
-- Author: Jakub Miženko (xmizenj00)
-- Author: Marc Bafalluy Gesti (xbafalm00)


----------- DROP TABLES -----------

DROP TABLE registration CASCADE CONSTRAINTS;
DROP TABLE match_event CASCADE CONSTRAINTS;
DROP TABLE training CASCADE CONSTRAINTS;
DROP TABLE coach CASCADE CONSTRAINTS;
DROP TABLE player CASCADE CONSTRAINTS;
DROP TABLE stadium CASCADE CONSTRAINTS;
DROP TABLE team CASCADE CONSTRAINTS;
DROP TABLE person CASCADE CONSTRAINTS;


----------- CREATE TABLES -----------

-- birth_number was added to PERSON as a unique identifier with specific format
CREATE TABLE person (
    id NUMBER GENERATED BY DEFAULT ON NULL AS IDENTITY PRIMARY KEY,
    full_name VARCHAR2(60) NOT NULL,
    address VARCHAR2(120) NOT NULL,
    age NUMBER(3) NOT NULL,
    birth_number VARCHAR2(11) NOT NULL UNIQUE,
    CONSTRAINT chk_person_age CHECK (age BETWEEN 5 AND 100),
    CONSTRAINT chk_person_birth_number CHECK (
        REGEXP_LIKE(birth_number, '^[0-9]{6}/?[0-9]{3,4}$')
    )
);


CREATE TABLE team (
    id NUMBER GENERATED BY DEFAULT ON NULL AS IDENTITY PRIMARY KEY,
    category VARCHAR2(30) NOT NULL,
    name VARCHAR2(80) NOT NULL UNIQUE,
    player_count NUMBER(3) DEFAULT 0 NOT NULL,
    coach_count NUMBER(3) DEFAULT 0 NOT NULL,
    CONSTRAINT chk_team_counts CHECK (player_count >= 0 AND coach_count >= 0)
);


CREATE TABLE stadium (
    id NUMBER GENERATED BY DEFAULT ON NULL AS IDENTITY PRIMARY KEY,
    stadium_type VARCHAR2(30) NOT NULL,
    ownership VARCHAR2(30) NOT NULL,
    name VARCHAR2(80) NOT NULL,
    address VARCHAR2(120) NOT NULL,
    spectator_capacity NUMBER(6) NOT NULL,
    player_capacity NUMBER(4) NOT NULL,
    CONSTRAINT chk_stadium_ownership CHECK (ownership IN ('OWNED', 'RENTED')),
    CONSTRAINT chk_stadium_capacity CHECK (spectator_capacity >= 0 AND player_capacity > 0)
);


-- Generalization/Specialization:
-- PERSON is supertype, PLAYER and COACH are subtypes.
-- Relational mapping: subtype PK is also FK to PERSON.ID.
CREATE TABLE player (
    id NUMBER PRIMARY KEY,
    team_id NUMBER NOT NULL,
    height_cm NUMBER(3) NOT NULL,
    weight_kg NUMBER(3) NOT NULL,
    position_name VARCHAR2(30) NOT NULL,
    jersey_number NUMBER(2) NOT NULL,
    CONSTRAINT fk_player_person FOREIGN KEY (id) REFERENCES person(id),
    CONSTRAINT fk_player_team FOREIGN KEY (team_id) REFERENCES team(id),
    CONSTRAINT chk_player_jersey CHECK (jersey_number BETWEEN 1 AND 99),
    CONSTRAINT uq_player_team_jersey UNIQUE (team_id, jersey_number)
);


CREATE TABLE coach (
    id NUMBER PRIMARY KEY,
    team_id NUMBER NOT NULL,
    role_name VARCHAR2(30) NOT NULL,
    CONSTRAINT fk_coach_person FOREIGN KEY (id) REFERENCES person(id),
    CONSTRAINT fk_coach_team FOREIGN KEY (team_id) REFERENCES team(id)
);


CREATE TABLE training (
    id NUMBER GENERATED BY DEFAULT ON NULL AS IDENTITY PRIMARY KEY,
    team_id NUMBER NOT NULL,
    stadium_id NUMBER NOT NULL,
    coach_id NUMBER NOT NULL,
    training_type VARCHAR2(10) NOT NULL,
    training_date DATE NOT NULL,
    training_time VARCHAR2(5) NOT NULL,
    auto_registration CHAR(1) DEFAULT 'N' NOT NULL,
    CONSTRAINT fk_training_team FOREIGN KEY (team_id) REFERENCES team(id),
    CONSTRAINT fk_training_stadium FOREIGN KEY (stadium_id) REFERENCES stadium(id),
    CONSTRAINT fk_training_coach FOREIGN KEY (coach_id) REFERENCES coach(id),
    CONSTRAINT chk_training_type CHECK (training_type IN ('REGULAR', 'ONE_TIME')),
    CONSTRAINT chk_training_time CHECK (REGEXP_LIKE(training_time, '^(0[0-9]|1[0-9]|2[0-3]):[0-5][0-9]$')),
    CONSTRAINT chk_training_auto CHECK (auto_registration IN ('Y', 'N'))
);


CREATE TABLE match_event (
    id NUMBER GENERATED BY DEFAULT ON NULL AS IDENTITY PRIMARY KEY,
    team_id NUMBER NOT NULL,
    stadium_id NUMBER,
    away_address VARCHAR2(150),
    home_away CHAR(1) NOT NULL,
    opponent_name VARCHAR2(80) NOT NULL,
    match_date DATE NOT NULL,
    match_time VARCHAR2(5) NOT NULL,
    roster_capacity NUMBER(3) NOT NULL,
    match_result VARCHAR2(20),
    CONSTRAINT fk_match_team FOREIGN KEY (team_id) REFERENCES team(id),
    CONSTRAINT fk_match_stadium FOREIGN KEY (stadium_id) REFERENCES stadium(id),
    CONSTRAINT chk_match_home_away CHECK (home_away IN ('H', 'A')),
    CONSTRAINT chk_match_time CHECK (REGEXP_LIKE(match_time, '^(0[0-9]|1[0-9]|2[0-3]):[0-5][0-9]$')),
    CONSTRAINT chk_match_roster CHECK (roster_capacity > 0),
    CONSTRAINT chk_match_place CHECK (
        (home_away = 'H' AND stadium_id IS NOT NULL AND away_address IS NULL) OR
        (home_away = 'A' AND stadium_id IS NULL AND away_address IS NOT NULL)
    )
);


CREATE TABLE registration (
    id NUMBER GENERATED BY DEFAULT ON NULL AS IDENTITY PRIMARY KEY,
    status_name VARCHAR2(20) NOT NULL,
    event_type VARCHAR2(10) NOT NULL,
    player_id NUMBER NOT NULL,
    match_id NUMBER,
    training_id NUMBER,
    created_by_player_id NUMBER,
    created_by_coach_id NUMBER,
    CONSTRAINT fk_registration_player FOREIGN KEY (player_id) REFERENCES player(id),
    CONSTRAINT fk_registration_match FOREIGN KEY (match_id) REFERENCES match_event(id),
    CONSTRAINT fk_registration_training FOREIGN KEY (training_id) REFERENCES training(id),
    CONSTRAINT fk_registration_created_player FOREIGN KEY (created_by_player_id) REFERENCES player(id),
    CONSTRAINT fk_registration_created_coach FOREIGN KEY (created_by_coach_id) REFERENCES coach(id),
    CONSTRAINT chk_registration_status CHECK (status_name IN ('REGISTERED', 'CANCELLED', 'WAITING')),
    CONSTRAINT chk_registration_event_type CHECK (event_type IN ('MATCH', 'TRAINING')),
    CONSTRAINT chk_registration_event CHECK (
        (match_id IS NOT NULL AND training_id IS NULL) OR
        (match_id IS NULL AND training_id IS NOT NULL)
    ),
    CONSTRAINT chk_registration_event_consistency CHECK (
        (event_type = 'MATCH' AND match_id IS NOT NULL AND training_id IS NULL) OR
        (event_type = 'TRAINING' AND training_id IS NOT NULL AND match_id IS NULL)
    ),
    CONSTRAINT chk_registration_author CHECK (
        (created_by_player_id IS NOT NULL AND created_by_coach_id IS NULL) OR
        (created_by_player_id IS NULL AND created_by_coach_id IS NOT NULL)
    ),
    CONSTRAINT chk_registration_self_player CHECK (
        created_by_player_id IS NULL OR created_by_player_id = player_id
    ),
    CONSTRAINT chk_registration_match_author CHECK (
        (event_type = 'MATCH' AND created_by_coach_id IS NOT NULL AND created_by_player_id IS NULL) OR
        (event_type = 'TRAINING')
    )
);


----------- INSERT SAMPLE DATA -----------

-- Team
INSERT INTO team (id, category, name, player_count, coach_count)
VALUES (1, 'MEN', 'FC Barcelona', 2, 1);

INSERT INTO team (id, category, name, player_count, coach_count)
VALUES (2, 'JUNIORS', 'FC Barcelona Juniors', 1, 1);

-- Stadium
INSERT INTO stadium (id, stadium_type, ownership, name, address, spectator_capacity, player_capacity)
VALUES (1, 'PITCH', 'OWNED', 'Main Stadium', 'Main 1, Brno', 15000, 30);

INSERT INTO stadium (id, stadium_type, ownership, name, address, spectator_capacity, player_capacity)
VALUES (2, 'GYM', 'RENTED', 'City Gym', 'Sport 55, Brno', 200, 25);

-- Person
INSERT INTO person (id, full_name, address, age, birth_number)
VALUES (1, 'Adam Player', 'Street 10, Brno', 23, '010101/1234');

INSERT INTO person (id, full_name, address, age, birth_number)
VALUES (2, 'Boris Player', 'Street 20, Brno', 21, '020202/2345');

INSERT INTO person (id, full_name, address, age, birth_number)
VALUES (3, 'Karel Coach', 'Street 30, Brno', 45, '800101/3456');

INSERT INTO person (id, full_name, address, age, birth_number)
VALUES (4, 'Milan Player', 'Street 40, Brno', 19, '030303/6789');

INSERT INTO person (id, full_name, address, age, birth_number)
VALUES (5, 'Roman Coach', 'Street 50, Brno', 38, '770707/9876');

-- Player
INSERT INTO player (id, team_id, height_cm, weight_kg, position_name, jersey_number)
VALUES (1, 1, 182, 76, 'FORWARD', 9);

INSERT INTO player (id, team_id, height_cm, weight_kg, position_name, jersey_number)
VALUES (2, 1, 178, 72, 'MIDFIELDER', 8);

INSERT INTO player (id, team_id, height_cm, weight_kg, position_name, jersey_number)
VALUES (4, 2, 175, 70, 'DEFENDER', 5);

-- Coach
INSERT INTO coach (id, team_id, role_name)
VALUES (3, 1, 'HEAD_COACH');

INSERT INTO coach (id, team_id, role_name)
VALUES (5, 2, 'HEAD_COACH');

-- Training
INSERT INTO training (id, team_id, stadium_id, coach_id, training_type, training_date, training_time, auto_registration)
VALUES (1, 1, 1, 3, 'REGULAR', DATE '2026-04-15', '17:00', 'N');

INSERT INTO training (id, team_id, stadium_id, coach_id, training_type, training_date, training_time, auto_registration)
VALUES (2, 2, 2, 5, 'ONE_TIME', DATE '2026-04-16', '16:00', 'N');

-- Match (HOME)
INSERT INTO match_event (id, team_id, stadium_id, away_address, home_away, opponent_name, match_date, match_time, roster_capacity, match_result)
VALUES (1, 1, 1, NULL, 'H', 'Newcastle United FC', DATE '2026-04-20', '18:00', 2, '2:1');

-- Match (AWAY)
INSERT INTO match_event (id, team_id, stadium_id, away_address, home_away, opponent_name, match_date, match_time, roster_capacity, match_result)
VALUES (2, 1, NULL, 'Away Stadium 99, Praha', 'A', 'Real Madrid', DATE '2026-04-27', '19:00', 18, NULL);

-- Registration
INSERT INTO registration (status_name, event_type, player_id, training_id, created_by_player_id)
VALUES ('REGISTERED', 'TRAINING', 1, 1, 1);

INSERT INTO registration (status_name, event_type, player_id, match_id, created_by_coach_id)
VALUES ('REGISTERED', 'MATCH', 2, 1, 3);

COMMIT;


----------- TRIGGERS -----------

-- Trigger 1:
-- If a training is created with auto_registration = 'Y',
-- all players of that team are automatically registered.
CREATE OR REPLACE TRIGGER trg_training_auto_registration
AFTER INSERT ON training
FOR EACH ROW
WHEN (NEW.auto_registration = 'Y')
BEGIN
    INSERT INTO registration (
        status_name,
        event_type,
        player_id,
        training_id,
        created_by_coach_id
    )
    SELECT
        'REGISTERED',
        'TRAINING',
        p.id,
        :NEW.id,
        :NEW.coach_id
    FROM player p
    WHERE p.team_id = :NEW.team_id
      AND NOT EXISTS (
          SELECT 1
          FROM registration r
          WHERE r.player_id = p.id
            AND r.training_id = :NEW.id
            AND r.event_type = 'TRAINING'
      );
END;
/


-- Trigger 2:
-- Checks capacity limits for match on INSERT or UPDATE to registration.
CREATE OR REPLACE TRIGGER trg_registration_capacity
BEFORE INSERT OR UPDATE ON registration
FOR EACH ROW
DECLARE
    v_limit NUMBER;
    v_count NUMBER;
    v_player_team_id NUMBER;
    v_event_team_id NUMBER;
BEGIN
    SELECT team_id INTO v_player_team_id
    FROM player
    WHERE id = :NEW.player_id;

    IF :NEW.status_name = 'REGISTERED' AND :NEW.event_type = 'MATCH' THEN
        SELECT team_id INTO v_event_team_id
        FROM match_event
        WHERE id = :NEW.match_id;

        IF v_player_team_id <> v_event_team_id THEN
            RAISE_APPLICATION_ERROR(-20012, 'Player must belong to the same team as match.');
        END IF;

        SELECT roster_capacity INTO v_limit
        FROM match_event
        WHERE id = :NEW.match_id;

        SELECT COUNT(*) INTO v_count
        FROM registration r
        WHERE r.event_type = 'MATCH'
          AND r.match_id = :NEW.match_id
          AND r.status_name = 'REGISTERED'
          AND ( :NEW.id IS NULL OR r.id <> :NEW.id );

        IF v_count >= v_limit THEN
            RAISE_APPLICATION_ERROR(-20010, 'Match roster capacity exceeded.');
        END IF;
    END IF;
END;
/


----------- PROCEDURES -----------

-- Procedure 1:
-- Registers one player to match with checks on coach role and team.
CREATE OR REPLACE PROCEDURE pr_register_player_for_match (
    p_player_id IN player.id%TYPE,
    p_match_id IN match_event.id%TYPE,
    p_coach_id IN coach.id%TYPE
)
IS
    v_player player%ROWTYPE;
    v_match_team_id match_event.team_id%TYPE;
    v_coach coach%ROWTYPE;
BEGIN
    SELECT * INTO v_player FROM player WHERE id = p_player_id;
    SELECT team_id INTO v_match_team_id FROM match_event WHERE id = p_match_id;
    SELECT * INTO v_coach FROM coach WHERE id = p_coach_id;

    IF v_player.team_id <> v_match_team_id THEN
        RAISE_APPLICATION_ERROR(-20020, 'Player is not in the same team as the match.');
    END IF;

    IF v_coach.team_id <> v_match_team_id THEN
        RAISE_APPLICATION_ERROR(-20021, 'Coach is not in the same team as the match.');
    END IF;

    IF v_coach.role_name <> 'HEAD_COACH' THEN
        RAISE_APPLICATION_ERROR(-20022, 'Only HEAD_COACH can register players for match.');
    END IF;

    INSERT INTO registration (
        status_name,
        event_type,
        player_id,
        match_id,
        created_by_coach_id
    )
    VALUES (
        'REGISTERED',
        'MATCH',
        p_player_id,
        p_match_id,
        p_coach_id
    );

    DBMS_OUTPUT.PUT_LINE('pr_register_player_for_match: registration created');
EXCEPTION
    WHEN NO_DATA_FOUND THEN
        DBMS_OUTPUT.PUT_LINE('pr_register_player_for_match: player/match/coach not found');
    WHEN DUP_VAL_ON_INDEX THEN
        DBMS_OUTPUT.PUT_LINE('pr_register_player_for_match: duplicate registration');
    WHEN OTHERS THEN
        DBMS_OUTPUT.PUT_LINE('pr_register_player_for_match: ' || SQLERRM);
END;
/


-- Procedure 2:
-- Registers all players of training team for selected training.
CREATE OR REPLACE PROCEDURE pr_auto_register_training_players (
    p_training_id IN training.id%TYPE,
    p_coach_id IN coach.id%TYPE
)
IS
    v_team_id training.team_id%TYPE;

    CURSOR c_players (c_team_id player.team_id%TYPE) IS
        SELECT id
        FROM player
        WHERE team_id = c_team_id;
BEGIN
    SELECT team_id INTO v_team_id
    FROM training
    WHERE id = p_training_id;

    FOR r_player IN c_players(v_team_id) LOOP
        BEGIN
            INSERT INTO registration (
                status_name,
                event_type,
                player_id,
                training_id,
                created_by_coach_id
            )
            VALUES (
                'REGISTERED',
                'TRAINING',
                r_player.id,
                p_training_id,
                p_coach_id
            );
        EXCEPTION
            WHEN DUP_VAL_ON_INDEX THEN
                NULL;
            WHEN OTHERS THEN
                DBMS_OUTPUT.PUT_LINE('pr_auto_register_training_players item error: ' || SQLERRM);
        END;
    END LOOP;

    DBMS_OUTPUT.PUT_LINE('pr_auto_register_training_players: finished');
EXCEPTION
    WHEN NO_DATA_FOUND THEN
        DBMS_OUTPUT.PUT_LINE('pr_auto_register_training_players: training not found');
    WHEN OTHERS THEN
        DBMS_OUTPUT.PUT_LINE('pr_auto_register_training_players: ' || SQLERRM);
END;
/


----------- TRIGGER DEMONSTRATION -----------

-- Trigger 1 demonstration: auto-registration after creating training with auto_registration = 'Y'.
INSERT INTO training (id, team_id, stadium_id, coach_id, training_type, training_date, training_time, auto_registration)
VALUES (3, 1, 1, 3, 'ONE_TIME', DATE '2026-04-22', '15:00', 'Y');

SELECT id, event_type, player_id, training_id, created_by_coach_id
FROM registration
WHERE training_id = 3
ORDER BY player_id;


-- Trigger 2 demonstration: match capacity check.
-- Match 1 has roster_capacity = 2. One registration already exists for match 1.
INSERT INTO registration (status_name, event_type, player_id, match_id, created_by_coach_id)
VALUES ('REGISTERED', 'MATCH', 1, 1, 3);

BEGIN
    INSERT INTO registration (status_name, event_type, player_id, match_id, created_by_coach_id)
    VALUES ('REGISTERED', 'MATCH', 2, 1, 3);
EXCEPTION
    WHEN OTHERS THEN
        DBMS_OUTPUT.PUT_LINE('Expected trigger error: ' || SQLERRM);
END;
/


----------- PROCEDURE DEMONSTRATION -----------

-- New match for procedure demo
INSERT INTO match_event (id, team_id, stadium_id, away_address, home_away, opponent_name, match_date, match_time, roster_capacity, match_result)
VALUES (3, 1, 1, NULL, 'H', 'Arsenal FC', DATE '2026-05-01', '20:00', 18, NULL);

BEGIN
    pr_register_player_for_match(1, 3, 3);
END;
/

-- New training for procedure demo
INSERT INTO training (id, team_id, stadium_id, coach_id, training_type, training_date, training_time, auto_registration)
VALUES (4, 1, 1, 3, 'REGULAR', DATE '2026-04-25', '10:00', 'N');

BEGIN
    pr_auto_register_training_players(4, 3);
END;
/

SELECT event_type, training_id, player_id, created_by_coach_id
FROM registration
WHERE training_id = 4
ORDER BY player_id;


----------- INDEX, EXPLAIN PLAN -----------

-- We compare plan before and after index creation.
EXPLAIN PLAN SET STATEMENT_ID = 'BEFORE_IDX' FOR
SELECT t.name AS team_name, r.event_type, COUNT(*) AS registration_count
FROM registration r
JOIN player p ON p.id = r.player_id
JOIN team t ON t.id = p.team_id
WHERE r.status_name = 'REGISTERED'
GROUP BY t.name, r.event_type;

SELECT *
FROM TABLE(DBMS_XPLAN.DISPLAY(NULL, 'BEFORE_IDX'));


-- Index for query acceleration
CREATE INDEX idx_registration_status_player_event
ON registration (status_name, player_id, event_type);


EXPLAIN PLAN SET STATEMENT_ID = 'AFTER_IDX' FOR
SELECT t.name AS team_name, r.event_type, COUNT(*) AS registration_count
FROM registration r
JOIN player p ON p.id = r.player_id
JOIN team t ON t.id = p.team_id
WHERE r.status_name = 'REGISTERED'
GROUP BY t.name, r.event_type;

SELECT *
FROM TABLE(DBMS_XPLAN.DISPLAY(NULL, 'AFTER_IDX'));


----------- GRANTS FOR SECOND TEAM MEMBER -----------

-- Run as xmizenj00.
GRANT SELECT ON person TO xbafalm00;
GRANT SELECT ON team TO xbafalm00;
GRANT SELECT ON stadium TO xbafalm00;
GRANT SELECT ON player TO xbafalm00;
GRANT SELECT ON coach TO xbafalm00;
GRANT SELECT ON training TO xbafalm00;
GRANT SELECT ON match_event TO xbafalm00;
GRANT SELECT ON registration TO xbafalm00;


----------- MATERIALIZED VIEW -----------

-- Run the following section as xbafalm00.
CREATE MATERIALIZED VIEW xbafalm00.mv_registered_by_team
BUILD IMMEDIATE
REFRESH COMPLETE ON DEMAND
AS
SELECT t.id AS team_id,
       t.name AS team_name,
       r.event_type,
       COUNT(*) AS registered_count
FROM xmizenj00.registration r
JOIN xmizenj00.player p ON p.id = r.player_id
JOIN xmizenj00.team t ON t.id = p.team_id
WHERE r.status_name = 'REGISTERED'
GROUP BY t.id, t.name, r.event_type;


-- Materialized view demonstration
SELECT *
FROM xbafalm00.mv_registered_by_team
ORDER BY team_id, event_type;

BEGIN
    DBMS_MVIEW.REFRESH('XBAFALM00.MV_REGISTERED_BY_TEAM', 'C');
END;
/

SELECT *
FROM xbafalm00.mv_registered_by_team
ORDER BY team_id, event_type;


----------- WITH, CASE SELECT -----------

-- This query returns registration summary by team and event type,
-- and classifies level based on number of registrations.
WITH team_event_summary AS (
    SELECT t.id AS team_id,
           t.name AS team_name,
           r.event_type,
           COUNT(*) AS registration_count
    FROM registration r
    JOIN player p ON p.id = r.player_id
    JOIN team t ON t.id = p.team_id
    WHERE r.status_name = 'REGISTERED'
    GROUP BY t.id, t.name, r.event_type
)
SELECT team_id,
       team_name,
       event_type,
       registration_count,
       CASE
           WHEN registration_count >= 10 THEN 'HIGH'
           WHEN registration_count >= 5 THEN 'MEDIUM'
           ELSE 'LOW'
       END AS load_level
FROM team_event_summary
ORDER BY team_id, event_type;


COMMIT;
